{
  "dataset": "SMS Spam Collection (UCI)",
  "model": "Logistic Regression",
  "embedding": "TF-IDF",
  "author": "Carine Ashimwe",
  "baseline_results": {
    "train": {
      "accuracy": 0.9661586153448721,
      "f1": 0.8583783783783784,
      "precision": 0.9851116625310173,
      "recall": 0.7605363984674329,
      "auc": 0.9978171559189053,
      "loss": 0.12985483335685313
    },
    "validation": {
      "accuracy": 0.9657039711191335,
      "f1": 0.8549618320610687,
      "precision": 1.0,
      "recall": 0.7466666666666667,
      "auc": 0.9844676409185804,
      "loss": 0.14128436819038742
    }
  },
  "experiment_1_best": {
    "solver": "liblinear",
    "C": 10.0,
    "accuracy": 0.9873646209386282,
    "f1": 0.951048951048951,
    "precision": 1.0,
    "recall": 0.9066666666666666,
    "auc": 0.9837717466945024,
    "loss": 0.07252691084907975
  },
  "experiment_2_best": {
    "config": 4,
    "max_features": 10000,
    "ngram_range": "(1, 2)",
    "min_df": 2,
    "max_df": 0.98,
    "vocab_size": 5720,
    "accuracy": 0.9873646209386282,
    "f1": 0.951048951048951,
    "precision": 1.0,
    "recall": 0.9066666666666666,
    "auc": 0.9837717466945024,
    "loss": 0.07252691084907975
  },
  "final_results": {
    "Train": {
      "accuracy": 0.9976750193748385,
      "f1": 0.9913544668587896,
      "precision": 0.9942196531791907,
      "recall": 0.9885057471264368,
      "auc": 0.9999742589141379,
      "loss": 0.03354574426115227
    },
    "Validation": {
      "accuracy": 0.9873646209386282,
      "f1": 0.951048951048951,
      "precision": 1.0,
      "recall": 0.9066666666666666,
      "auc": 0.9837717466945024,
      "loss": 0.07252691084907975
    },
    "Test": {
      "accuracy": 0.98193315266486,
      "f1": 0.9285714285714286,
      "precision": 0.9923664122137404,
      "recall": 0.87248322147651,
      "auc": 0.9893163890095418,
      "loss": 0.0732388973598121
    }
  }
}