{
    "model_name": "CBOW",
    "embedding_type": "cbow",
    "f1_score": 0.9452054794520548,
    "accuracy": 0.9856502242152466,
    "precision": 0.965034965034965,
    "recall": 0.9261744966442953,
    "auc": 0.990068364667139
}