{
    "model_name": "Skip-gram",
    "embedding_type": "skipgram",
    "f1_score": 0.9488054607508533,
    "accuracy": 0.9865470852017937,
    "precision": 0.9652777777777778,
    "recall": 0.9328859060402684,
    "auc": 0.9914162046493531
}