{
    "model_name": "TF-IDF",
    "embedding_type": "tfidf",
    "f1_score": 0.9517241379310345,
    "accuracy": 0.9517241379310345,
    "precision": 0.9787234042553191,
    "recall": 0.9261744966442953,
    "auc": 0.9884565147915017
}