{
    "model_name": "CBOW",
    "embedding_type": "cbow",
    "f1_score": 0.9419795221843004,
    "accuracy": 0.9847533632286996,
    "precision": 0.9583333333333334,
    "recall": 0.9261744966442953,
    "auc": 0.9882689288145956
}